# kind	key	shiki-language (generated by tools/export-assets.mjs; do not edit)
alias	abap	abap
alias	actionscript-3	actionscript-3
alias	ada	ada
alias	angular-html	angular-html
alias	angular-ts	angular-ts
alias	apache	apache
alias	apex	apex
alias	apl	apl
alias	applescript	applescript
alias	ara	ara
alias	asciidoc	asciidoc
alias	adoc	asciidoc
alias	asm	asm
alias	astro	astro
alias	awk	awk
alias	ballerina	ballerina
alias	bat	bat
alias	batch	bat
alias	beancount	beancount
alias	berry	berry
alias	be	berry
alias	bibtex	bibtex
alias	bicep	bicep
alias	bird2	bird2
alias	bird	bird2
alias	blade	blade
alias	bsl	bsl
alias	1c	bsl
alias	c	c
alias	c3	c3
alias	cadence	cadence
alias	cdc	cadence
alias	cairo	cairo
alias	clarity	clarity
alias	clojure	clojure
alias	clj	clojure
alias	cmake	cmake
alias	cobol	cobol
alias	codeowners	codeowners
alias	codeql	codeql
alias	ql	codeql
alias	coffee	coffee
alias	coffeescript	coffee
alias	common-lisp	common-lisp
alias	lisp	common-lisp
alias	coq	coq
alias	cpp	cpp
alias	c++	cpp
alias	crystal	crystal
alias	csharp	csharp
alias	c#	csharp
alias	cs	csharp
alias	css	css
alias	csv	csv
alias	cue	cue
alias	cypher	cypher
alias	cql	cypher
alias	d	d
alias	dart	dart
alias	dax	dax
alias	desktop	desktop
alias	diff	diff
alias	docker	docker
alias	dockerfile	docker
alias	dotenv	dotenv
alias	dream-maker	dream-maker
alias	edge	edge
alias	elixir	elixir
alias	elm	elm
alias	emacs-lisp	emacs-lisp
alias	elisp	emacs-lisp
alias	erb	erb
alias	erlang	erlang
alias	erl	erlang
alias	fennel	fennel
alias	fish	fish
alias	fluent	fluent
alias	ftl	fluent
alias	fortran-fixed-form	fortran-fixed-form
alias	f	fortran-fixed-form
alias	for	fortran-fixed-form
alias	f77	fortran-fixed-form
alias	fortran-free-form	fortran-free-form
alias	f90	fortran-free-form
alias	f95	fortran-free-form
alias	f03	fortran-free-form
alias	f08	fortran-free-form
alias	f18	fortran-free-form
alias	fsharp	fsharp
alias	f#	fsharp
alias	fs	fsharp
alias	gdresource	gdresource
alias	tscn	gdresource
alias	tres	gdresource
alias	gdscript	gdscript
alias	gd	gdscript
alias	gdshader	gdshader
alias	genie	genie
alias	gherkin	gherkin
alias	git-commit	git-commit
alias	git-rebase	git-rebase
alias	gleam	gleam
alias	glimmer-js	glimmer-js
alias	gjs	glimmer-js
alias	glimmer-ts	glimmer-ts
alias	gts	glimmer-ts
alias	glsl	glsl
alias	gn	gn
alias	gnuplot	gnuplot
alias	go	go
alias	graphql	graphql
alias	gql	graphql
alias	groovy	groovy
alias	hack	hack
alias	haml	haml
alias	handlebars	handlebars
alias	hbs	handlebars
alias	haskell	haskell
alias	hs	haskell
alias	haxe	haxe
alias	hcl	hcl
alias	hjson	hjson
alias	hlsl	hlsl
alias	html	html
alias	html-derivative	html-derivative
alias	http	http
alias	hurl	hurl
alias	hxml	hxml
alias	hy	hy
alias	imba	imba
alias	ini	ini
alias	properties	ini
alias	java	java
alias	javascript	javascript
alias	js	javascript
alias	cjs	javascript
alias	mjs	javascript
alias	jinja	jinja
alias	jison	jison
alias	json	json
alias	json5	json5
alias	jsonc	jsonc
alias	jsonl	jsonl
alias	jsonnet	jsonnet
alias	jssm	jssm
alias	fsl	jssm
alias	jsx	jsx
alias	julia	julia
alias	jl	julia
alias	just	just
alias	kdl	kdl
alias	kotlin	kotlin
alias	kt	kotlin
alias	kts	kotlin
alias	kusto	kusto
alias	kql	kusto
alias	latex	latex
alias	lean	lean
alias	lean4	lean
alias	less	less
alias	liquid	liquid
alias	llvm	llvm
alias	log	log
alias	logo	logo
alias	lua	lua
alias	luau	luau
alias	make	make
alias	makefile	make
alias	markdown	markdown
alias	md	markdown
alias	marko	marko
alias	matlab	matlab
alias	mdc	mdc
alias	mdx	mdx
alias	mermaid	mermaid
alias	mmd	mermaid
alias	mipsasm	mipsasm
alias	mips	mipsasm
alias	mojo	mojo
alias	moonbit	moonbit
alias	mbt	moonbit
alias	mbti	moonbit
alias	move	move
alias	narrat	narrat
alias	nar	narrat
alias	nextflow	nextflow
alias	nf	nextflow
alias	nextflow-groovy	nextflow-groovy
alias	nginx	nginx
alias	nim	nim
alias	nix	nix
alias	nushell	nushell
alias	nu	nushell
alias	objective-c	objective-c
alias	objc	objective-c
alias	objective-cpp	objective-cpp
alias	ocaml	ocaml
alias	odin	odin
alias	openscad	openscad
alias	scad	openscad
alias	pascal	pascal
alias	perl	perl
alias	php	php
alias	pkl	pkl
alias	plsql	plsql
alias	po	po
alias	pot	po
alias	potx	po
alias	polar	polar
alias	postcss	postcss
alias	powerquery	powerquery
alias	powershell	powershell
alias	ps	powershell
alias	ps1	powershell
alias	prisma	prisma
alias	prolog	prolog
alias	proto	proto
alias	protobuf	proto
alias	pug	pug
alias	jade	pug
alias	puppet	puppet
alias	purescript	purescript
alias	python	python
alias	py	python
alias	qml	qml
alias	qmldir	qmldir
alias	qss	qss
alias	r	r
alias	racket	racket
alias	raku	raku
alias	perl6	raku
alias	razor	razor
alias	reg	reg
alias	regexp	regexp
alias	regex	regexp
alias	rel	rel
alias	riscv	riscv
alias	ron	ron
alias	rosmsg	rosmsg
alias	rst	rst
alias	ruby	ruby
alias	rb	ruby
alias	rust	rust
alias	rs	rust
alias	sas	sas
alias	sass	sass
alias	scala	scala
alias	scheme	scheme
alias	scss	scss
alias	sdbl	sdbl
alias	1c-query	sdbl
alias	shaderlab	shaderlab
alias	shader	shaderlab
alias	shellscript	shellscript
alias	bash	shellscript
alias	sh	shellscript
alias	shell	shellscript
alias	zsh	shellscript
alias	shellsession	shellsession
alias	console	shellsession
alias	smalltalk	smalltalk
alias	solidity	solidity
alias	soy	soy
alias	closure-templates	soy
alias	sparql	sparql
alias	splunk	splunk
alias	spl	splunk
alias	sql	sql
alias	ssh-config	ssh-config
alias	stata	stata
alias	stylus	stylus
alias	styl	stylus
alias	surrealql	surrealql
alias	surql	surrealql
alias	svelte	svelte
alias	swift	swift
alias	system-verilog	system-verilog
alias	systemd	systemd
alias	talonscript	talonscript
alias	talon	talonscript
alias	tasl	tasl
alias	tcl	tcl
alias	templ	templ
alias	terraform	terraform
alias	tf	terraform
alias	tfvars	terraform
alias	tex	tex
alias	toml	toml
alias	ts-tags	ts-tags
alias	lit	ts-tags
alias	tsv	tsv
alias	tsx	tsx
alias	turtle	turtle
alias	twig	twig
alias	typescript	typescript
alias	ts	typescript
alias	cts	typescript
alias	mts	typescript
alias	typespec	typespec
alias	tsp	typespec
alias	typst	typst
alias	typ	typst
alias	v	v
alias	vala	vala
alias	vb	vb
alias	cmd	vb
alias	verilog	verilog
alias	vhdl	vhdl
alias	viml	viml
alias	vim	viml
alias	vimscript	viml
alias	vue	vue
alias	vue-html	vue-html
alias	vue-vine	vue-vine
alias	vyper	vyper
alias	vy	vyper
alias	wasm	wasm
alias	wenyan	wenyan
alias	文言	wenyan
alias	wgsl	wgsl
alias	wikitext	wikitext
alias	mediawiki	wikitext
alias	wiki	wikitext
alias	wit	wit
alias	wolfram	wolfram
alias	wl	wolfram
alias	xml	xml
alias	xsl	xsl
alias	yaml	yaml
alias	yml	yaml
alias	zenscript	zenscript
alias	zig	zig
ext	1c	1c
ext	abap	abap
ext	as	actionscript-3
ext	ada	ada
ext	adb	ada
ext	ads	ada
ext	adoc	asciidoc
ext	asciidoc	asciidoc
ext	component.html	angular-html
ext	component.ts	angular-ts
ext	conf	nginx
ext	htaccess	apache
ext	cls	tex
ext	trigger	apex
ext	apl	apl
ext	applescript	applescript
ext	scpt	applescript
ext	ara	ara
ext	asm	asm
ext	s	riscv
ext	astro	astro
ext	awk	awk
ext	bal	ballerina
ext	sh	zsh
ext	bash	zsh
ext	bat	cmd
ext	cmd	cmd
ext	be	berry
ext	beancount	beancount
ext	bib	bibtex
ext	bicep	bicep
ext	blade.php	blade
ext	bsl	bsl
ext	c	c
ext	h	objective-cpp
ext	cs	csharp
ext	cpp	cpp
ext	hpp	cpp
ext	cc	cpp
ext	cxx	cpp
ext	hh	cpp
ext	cdc	cdc
ext	cairo	cairo
ext	clar	clarity
ext	clj	clojure
ext	cljs	clojure
ext	cljc	clojure
ext	soy	soy
ext	cmake	cmake
ext	CMakeLists.txt	cmake
ext	cob	cobol
ext	cbl	cobol
ext	cobol	cobol
ext	CODEOWNERS	codeowners
ext	ql	ql
ext	coffee	coffeescript
ext	lisp	lisp
ext	cl	lisp
ext	lsp	lisp
ext	log	log
ext	v	verilog
ext	cql	cql
ext	cr	crystal
ext	css	css
ext	csv	csv
ext	cue	cue
ext	cypher	cypher
ext	cyp	cypher
ext	d	d
ext	dart	dart
ext	dax	dax
ext	desktop	desktop
ext	diff	diff
ext	patch	diff
ext	Dockerfile	dockerfile
ext	dockerfile	dockerfile
ext	env	dotenv
ext	dm	dream-maker
ext	edge	edge
ext	el	emacs-lisp
ext	ex	elixir
ext	exs	elixir
ext	elm	elm
ext	erb	erb
ext	erl	erlang
ext	hrl	erlang
ext	f	fortran-fixed-form
ext	for	fortran-fixed-form
ext	fs	fsharp
ext	fsi	fsharp
ext	fsx	fsharp
ext	f03	f03
ext	f08	f08
ext	f18	f18
ext	f77	f77
ext	f90	fortran-free-form
ext	f95	fortran-free-form
ext	fnl	fennel
ext	fish	fish
ext	ftl	ftl
ext	tres	gdresource
ext	res	gdresource
ext	gd	gdscript
ext	gdshader	gdshader
ext	gs	genie
ext	feature	gherkin
ext	COMMIT_EDITMSG	git-commit
ext	git-rebase-todo	git-rebase
ext	gjs	glimmer-js
ext	gleam	gleam
ext	gts	glimmer-ts
ext	glsl	glsl
ext	vert	glsl
ext	frag	glsl
ext	shader	shaderlab
ext	gp	gnuplot
ext	plt	gnuplot
ext	gnuplot	gnuplot
ext	go	go
ext	graphql	graphql
ext	gql	graphql
ext	groovy	groovy
ext	gvy	groovy
ext	hack	hack
ext	haml	haml
ext	hbs	handlebars
ext	handlebars	handlebars
ext	hs	haskell
ext	lhs	haskell
ext	hx	haxe
ext	hcl	hcl
ext	hjson	hjson
ext	hlsl	hlsl
ext	fx	hlsl
ext	html	html
ext	htm	html
ext	http	http
ext	rest	http
ext	hxml	hxml
ext	hy	hy
ext	imba	imba
ext	ini	ini
ext	cfg	ini
ext	jade	pug
ext	pug	pug
ext	java	java
ext	js	javascript
ext	mjs	javascript
ext	cjs	javascript
ext	jinja	jinja
ext	jinja2	jinja
ext	j2	jinja
ext	jison	jison
ext	jl	julia
ext	json	json
ext	json5	json5
ext	jsonc	jsonc
ext	jsonl	jsonl
ext	jsonnet	jsonnet
ext	libsonnet	jsonnet
ext	jssm	jssm
ext	jsx	jsx
ext	kt	kotlin
ext	kts	kts
ext	kql	kusto
ext	tex	tex
ext	ltx	tex
ext	lean	lean4
ext	less	less
ext	liquid	liquid
ext	lit	lit
ext	ll	llvm
ext	logo	logo
ext	lua	lua
ext	luau	luau
ext	Makefile	makefile
ext	mk	makefile
ext	makefile	makefile
ext	md	markdown
ext	markdown	markdown
ext	marko	marko
ext	m	wolfram
ext	mat	matlab
ext	mdc	mdc
ext	mdx	mdx
ext	wiki	wikitext
ext	mediawiki	wikitext
ext	mmd	mermaid
ext	mermaid	mermaid
ext	mips	mipsasm
ext	mojo	mojo
ext	🔥	mojo
ext	move	move
ext	nar	narrat
ext	nf	nextflow
ext	nim	nim
ext	nims	nim
ext	nimble	nim
ext	nix	nix
ext	nu	nushell
ext	mm	objective-cpp
ext	ml	ocaml
ext	mli	ocaml
ext	mll	ocaml
ext	mly	ocaml
ext	pas	pascal
ext	p	pascal
ext	pl	prolog
ext	pm	perl
ext	t	perl
ext	raku	raku
ext	p6	raku
ext	pl6	raku
ext	php	php
ext	phtml	php
ext	pls	plsql
ext	sql	sql
ext	po	po
ext	polar	polar
ext	pcss	postcss
ext	pot	pot
ext	potx	potx
ext	pq	powerquery
ext	pqm	powerquery
ext	ps1	powershell
ext	psm1	powershell
ext	psd1	powershell
ext	prisma	prisma
ext	pro	prolog
ext	P	prolog
ext	properties	properties
ext	proto	protobuf
ext	pp	puppet
ext	purs	purescript
ext	py	python
ext	pyw	python
ext	pyi	python
ext	qml	qml
ext	qmldir	qmldir
ext	qss	qss
ext	r	r
ext	R	r
ext	rkt	racket
ext	rktl	racket
ext	razor	razor
ext	cshtml	razor
ext	rb	ruby
ext	rbw	ruby
ext	reg	reg
ext	regex	regexp
ext	rel	rel
ext	rs	rust
ext	rst	rst
ext	rake	ruby
ext	gemspec	ruby
ext	jbuilder	ruby
ext	builder	ruby
ext	rabl	ruby
ext	arb	ruby
ext	ru	ruby
ext	podspec	ruby
ext	Gemfile	ruby
ext	Rakefile	ruby
ext	Guardfile	ruby
ext	Capfile	ruby
ext	Berksfile	ruby
ext	Brewfile	ruby
ext	Vagrantfile	ruby
ext	Thorfile	ruby
ext	Appraisals	ruby
ext	Dangerfile	ruby
ext	sas	sas
ext	sass	sass
ext	scala	scala
ext	sc	scala
ext	scm	scheme
ext	ss	scheme
ext	sld	scheme
ext	scss	scss
ext	sdbl	sdbl
ext	shadergraph	shader
ext	st	smalltalk
ext	sol	solidity
ext	sparql	sparql
ext	rq	sparql
ext	spl	splunk
ext	config	ssh-config
ext	do	stata
ext	ado	stata
ext	dta	stata
ext	styl	stylus
ext	stylus	stylus
ext	svelte	svelte
ext	swift	swift
ext	sv	system-verilog
ext	svh	system-verilog
ext	service	systemd
ext	socket	systemd
ext	device	systemd
ext	timer	systemd
ext	talon	talonscript
ext	tasl	tasl
ext	tcl	tcl
ext	templ	templ
ext	tf	tf
ext	tfvars	tfvars
ext	toml	toml
ext	ts	typescript
ext	tsp	typespec
ext	tsv	tsv
ext	tsx	tsx
ext	ttl	turtle
ext	twig	twig
ext	typ	typst
ext	vv	v
ext	vala	vala
ext	vapi	vala
ext	vb	vb
ext	vbs	vb
ext	bas	vb
ext	vh	verilog
ext	vhd	vhdl
ext	vhdl	vhdl
ext	vim	vimscript
ext	vue	vue
ext	vine.ts	vue-vine
ext	vy	vyper
ext	wasm	wasm
ext	wat	wasm
ext	wy	文言
ext	wgsl	wgsl
ext	wit	wit
ext	wl	wolfram
ext	nb	wolfram
ext	xml	xml
ext	xsl	xsl
ext	xslt	xsl
ext	yaml	yaml
ext	yml	yml
ext	zs	zenscript
ext	zig	zig
ext	zsh	zsh
ext	sty	tex
